/*  --------------------------------------
	-- DDL : Data Manipulation Language
	-- DATABASE : H2 
	-- SCHEMA OR CATALOG :  
	-------------------------------------
*/

/* Inserion dans la table T_USERS */
INSERT INTO T_USERS (ID, ACCOUNT_EXPIRED, ACCOUNT_LOCKED, CREATED_TIME, CREDENTIALS_EXPIRED, EMAIL, ENABLED, USER_PASSWORD, UPDATED_TIME, USER_NAME, OPTLOCK) 
VALUES 
	(1, 'FALSE', 'FALSE', '2020-12-23 10:11:28', 'FALSE', 'admin.test@live.fr', 'TRUE', '$2a$12$3yOzX6o60.NQfdcGJAnamu0y2tNip6EzNxOvtM10ivD8cmwutrwzq', NULL, 'admin', 0), -- mot de passe non chiffré: admin_19511982#
	(2, 'FALSE', 'FALSE', '2020-12-23 10:11:28', 'FALSE', 'client.test@live.fr', 'TRUE', '$2a$12$uCa/OmS7PrNIgsWTe461yuVLYIjvuf8RWjl78.qJrcVxff5bJwsh6', NULL, 'client', 0), -- mot de passe non chiffré: client_19511982#
	(3, 'FALSE', 'FALSE', '2020-12-23 10:11:28', 'FALSE', 'client1.test@live.fr','TRUE', '$2a$12$xrq6TOr2z7n9uiIwJY4cSu3kQAlW219lrm/Uh8EjZntZ3MzbrvufS', NULL, 'client1', 0), -- mot de passe non chiffré: client1_19511982#
	(4, 'FALSE', 'FALSE', '2020-12-23 10:11:28', 'FALSE', 'client2.test@live.fr', 'TRUE', '$2a$12$CnwL1k1xhSgACqybLN8sveVOlfKZBdA2NYWECjWDXEwZwVgP6rFdq', NULL, 'client2', 0), -- mot de passe non chiffré: client2_19511982#
	(5, 'FALSE', 'FALSE', '2020-12-23 10:11:28', 'FALSE', 'manager.test@live.fr', 'TRUE', '$2a$12$KYWMVz/dxbxeMQAaNNhhb.Xd1/okirBtEO5IlJCrt/CqnlGymHWsm', NULL, 'manager', 0), -- mot de passe non chiffré: manager_19511982#
	(6, 'TRUE', 'TRUE', '2020-12-23 10:11:29', 'TRUE', 'client3.test@live.fr', 'FALSE', '$2a$12$gOx360257du776Uy5NmzGOPqdpdRIO5BsdodQCpMpls3K4.iuE0Re', NULL, 'client3', 0), -- mot de passe non chiffré: client3_19511982#
	(7, 'TRUE', 'TRUE', '2020-12-23 10:11:29', 'TRUE', 'client4.test@live.fr', 'FALSE', '$2a$12$GlBl5S6Xho4gE4FPCC5EG.MJWdfxH8YjAFF7aR3Ob9LS6ZnjkVtJy', NULL, 'client4', 0), -- mot de passe non chiffré: client4_19511982#
	(8, 'TRUE', 'TRUE', '2020-12-23 10:11:29', 'TRUE', 'client5.test@live.fr', 'FALSE', '$2a$12$FjhZopQ/pzTkbcm3gQQqwuw3aAihSbmkiphZJ68tk4wsbal6MkwLS', NULL, 'client5', 0); -- mot de passe non chiffré: client5_19511982#

/* Insertion dans la table USER_ROLES */
INSERT INTO USER_ROLES (USER_ID, ROLES)
VALUES 
	(1, 0), -- role admin
	(1, 3), -- admin est aussi un user
	(2, 3), 
	(3, 3),
	(4, 3),
	(5, 4), -- role manager
	(5, 3), -- manager est aussi un user	
	(6, 3),
	(7, 3),
	(8, 3);
	
/*  Inserion dans la table OAUTH_CLIENT_DETAILS 
INSERT INTO OAUTH_CLIENT_DETAILS (CLIENT_ID, RESOURCE_IDS, CLIENT_SECRET, SCOPE, AUTHORIZED_GRANT_TYPES, WEB_SERVER_REDIRECT_URI, AUTHORITIES, ACCESS_TOKEN_VALIDITY, REFRESH_TOKEN_VALIDITY, ADDITIONAL_INFORMATION, AUTOAPPROVE) 
VALUES
	('my-user', 'my-user-rest-api', '$2a$12$YaunDyZxaVl/OENavKP.2uV44tax2.VeDTfC7zqQM8Q8nhnJnVUzy', 'read', 'password,refresh_token,client_credentials,authorization_code', '', 'ROLE_CLIENT', 86400000, 86400000, '{"Utilisateur":null}', 'read'),
	('my-user-admin', 'my-user-rest-api', '$2a$12$zjAzoUvBitvmL0HFj6iH0exWR35oXvx9lJwKU1x.p30w71xLs48Jq', 'read,write', 'password,refresh_token,client_credentials,authorization_code', '', 'ROLE_CLIENT', 86400000, 86400000, '{"Administrateur":null}', 'read,write'),
	('my-user-manager', 'my-user-rest-api', '$2a$12$elfPCM15w3JGLfjfHUJUPe0JlXex15WPPE09W4dMhC.V2vTMq2mW2', 'read,write', 'password,refresh_token,client_credentials,authorization_code', '', 'ROLE_CLIENT', 86400000, 86400000, '{"Manager":null}', 'read,write');

 */


/*  Inserion dans la table OAUTH_REFRESH_TOKEN  
INSERT INTO OAUTH_REFRESH_TOKEN (TOKEN_ID, TOKEN, AUTHENTICATION) 
VALUES
	('9bc6a8bc69c4687b880dc8924a6018c6', 0xACED00057372004C6F72672E737072696E676672616D65776F726B2E73656375726974792E6F61757468322E636F6D6D6F6E2E44656661756C744578706972696E674F417574683252656672657368546F6B656E2FDF47639DD0C9B70200014C000A65787069726174696F6E7400104C6A6176612F7574696C2F446174653B787200446F72672E737072696E676672616D65776F726B2E73656375726974792E6F61757468322E636F6D6D6F6E2E44656661756C744F417574683252656672657368546F6B656E73E10E0A6354D45E0200014C000576616C75657400124C6A6176612F6C616E672F537472696E673B787074041C65794A68624763694F694A53557A49314E694973496E523563434936496B705856434A392E65794A68645751694F6C736962586B7464584E6C636931795A584E304C57467761534A644C434A316332567958323568625755694F694A74595735685A3256794969776963324E76634755694F6C7369636D56685A434973496E64796158526C496C3073496D463061534936496A686D4E32466D4E5459794C5442684D4441744E4445794E433035596D49314C5451314E44566A4D475532597A526A4D794973496D5634634349364D5459354E5455324F4451324F5377695958563061473979615852705A584D694F6C7369556B394D525639565530565358303142546B46485256496958537769616E5270496A6F69595452684E474E6C5A5445745954677A595330305A44466B4C5467775A4459744D57466D597A6B794F5751794E6D466849697769593278705A57353058326C6B496A6F6962586B7464584E6C63693174595735685A325679496E302E4E5A63432D4F366876634837776D503531786343746C7077717474567872722D4C5F673847506D626F656A505577557567414532556959462D373648335F43396255543179744A322D316F786D4C44442D4E6335634D6758506B644157645834365951505957654D68696963454A48483079786F652D45384E70587038774B514C61564B4C70644B334A41546F4E664D5457794D4C436F576F373175525656716B77634577527372354175774F487459373451734F666C5961346B3047662D616452374B5269784D6341504D594654475A46564362452D4E553661514D5943677378344D6E44354A386130646363313965697052435A434E6B6D795579503162774144455F3436326938796E7A59723679693436616A682D497061316C7246675F707461654E4D585248524775395A6A373943575838787433695A4A4876734339536C67533970457831724A7A724D3250394166326C37457746664D585459595F4D5632776C4B6E6B4745573530775932704E74634964314674454B727843305A582D374E4F797931505679616D466D5A5732344D5163754466434976445F665645646D4A7A366375423370397472574278534A694C365747746537626D4B444A52564639325456442D6D4458694C3666344F5A70595F634F545141476D3035307470737136344E33396A4D394472496C5A756A75696B6952715068445A68553539524D2D6932796D43324F58614E54762D54736F41797637305933644A556B334C3375484C697A6A525838375151793774494B436846584C6C54684C504E78795A7251513163426445454C375A324A4C375168757275734C53766A5937514378424E4257646C627975674F30437671324A5931754A4C5F375F3366486C33516D576C492D78413438727552434B427873495F7A55454D476D635F5A4946503262466973344952556B45517372000E6A6176612E7574696C2E44617465686A81014B597419030000787077080000018AC7C19E0F78, 0xACED0005737200416F72672E737072696E676672616D65776F726B2E73656375726974792E6F61757468322E70726F76696465722E4F417574683241757468656E7469636174696F6EBD400B02166252130200024C000D73746F7265645265717565737474003C4C6F72672F737072696E676672616D65776F726B2F73656375726974792F6F61757468322F70726F76696465722F4F4175746832526571756573743B4C00127573657241757468656E7469636174696F6E7400324C6F72672F737072696E676672616D65776F726B2F73656375726974792F636F72652F41757468656E7469636174696F6E3B787200476F72672E737072696E676672616D65776F726B2E73656375726974792E61757468656E7469636174696F6E2E416273747261637441757468656E7469636174696F6E546F6B656ED3AA287E6E47640E0200035A000D61757468656E746963617465644C000B617574686F7269746965737400164C6A6176612F7574696C2F436F6C6C656374696F6E3B4C000764657461696C737400124C6A6176612F6C616E672F4F626A6563743B787000737200266A6176612E7574696C2E436F6C6C656374696F6E7324556E6D6F6469666961626C654C697374FC0F2531B5EC8E100200014C00046C6973747400104C6A6176612F7574696C2F4C6973743B7872002C6A6176612E7574696C2E436F6C6C656374696F6E7324556E6D6F6469666961626C65436F6C6C656374696F6E19420080CB5EF71E0200014C00016371007E00047870737200136A6176612E7574696C2E41727261794C6973747881D21D99C7619D03000149000473697A65787000000001770400000001737200426F72672E737072696E676672616D65776F726B2E73656375726974792E636F72652E617574686F726974792E53696D706C654772616E746564417574686F7269747900000000000002120200014C0004726F6C657400124C6A6176612F6C616E672F537472696E673B7870740011524F4C455F555345525F4D414E414745527871007E000C707372003A6F72672E737072696E676672616D65776F726B2E73656375726974792E6F61757468322E70726F76696465722E4F41757468325265717565737400000000000000010200075A0008617070726F7665644C000B617574686F72697469657371007E00044C000A657874656E73696F6E7374000F4C6A6176612F7574696C2F4D61703B4C000B726564697265637455726971007E000E4C00077265667265736874003B4C6F72672F737072696E676672616D65776F726B2F73656375726974792F6F61757468322F70726F76696465722F546F6B656E526571756573743B4C000B7265736F7572636549647374000F4C6A6176612F7574696C2F5365743B4C000D726573706F6E7365547970657371007E0014787200386F72672E737072696E676672616D65776F726B2E73656375726974792E6F61757468322E70726F76696465722E426173655265717565737436287A3EA37169BD0200034C0008636C69656E74496471007E000E4C001172657175657374506172616D657465727371007E00124C000573636F706571007E0014787074000F6D792D757365722D6D616E61676572737200256A6176612E7574696C2E436F6C6C656374696F6E7324556E6D6F6469666961626C654D6170F1A5A8FE74F507420200014C00016D71007E00127870737200116A6176612E7574696C2E486173684D61700507DAC1C31660D103000246000A6C6F6164466163746F724900097468726573686F6C6478703F400000000000067708000000080000000374000A6772616E745F7479706574000870617373776F7264740009636C69656E745F696474000F6D792D757365722D6D616E61676572740008757365726E616D657400076D616E6167657278737200256A6176612E7574696C2E436F6C6C656374696F6E7324556E6D6F6469666961626C65536574801D92D18F9B80550200007871007E0009737200176A6176612E7574696C2E4C696E6B656448617368536574D86CD75A95DD2A1E020000787200116A6176612E7574696C2E48617368536574BA44859596B8B7340300007870770C000000103F4000000000000274000472656164740005777269746578017371007E0025770C000000103F400000000000017371007E000D74000B524F4C455F434C49454E54787371007E001A3F40000000000000770800000010000000007870707371007E0025770C000000103F400000000000017400106D792D757365722D726573742D617069787371007E0025770C000000103F40000000000000787372004F6F72672E737072696E676672616D65776F726B2E73656375726974792E61757468656E7469636174696F6E2E557365726E616D6550617373776F726441757468656E7469636174696F6E546F6B656E00000000000002120200024C000B63726564656E7469616C7371007E00054C00097072696E636970616C71007E00057871007E0003017371007E00077371007E000B0000000177040000000171007E000F7871007E0033737200176A6176612E7574696C2E4C696E6B6564486173684D617034C04E5C106CC0FB0200015A000B6163636573734F726465727871007E001A3F400000000000067708000000080000000474000D636C69656E745F736563726574740058764E6F6E4174355030554C4F5A6C79553358315247554B58446F5A7A4E3171332B4C4C645A77566D77736B5A6D5643525257376A47344956337A78794968664B353970357169734136524572413757563471687862413D3D71007E001C71007E001D71007E001E71007E001F71007E002071007E0021780070737200326F72672E737072696E676672616D65776F726B2E73656375726974792E636F72652E7573657264657461696C732E5573657200000000000002120200075A00116163636F756E744E6F6E457870697265645A00106163636F756E744E6F6E4C6F636B65645A001563726564656E7469616C734E6F6E457870697265645A0007656E61626C65644C000B617574686F72697469657371007E00144C000870617373776F726471007E000E4C0008757365726E616D6571007E000E7870010101017371007E0022737200116A6176612E7574696C2E54726565536574DD98509395ED875B0300007870737200466F72672E737072696E676672616D65776F726B2E73656375726974792E636F72652E7573657264657461696C732E5573657224417574686F72697479436F6D70617261746F720000000000000212020000787077040000000171007E000F78707400076D616E61676572),
	('fa5ba8036095662cd680021d10e462a1', 0xACED00057372004C6F72672E737072696E676672616D65776F726B2E73656375726974792E6F61757468322E636F6D6D6F6E2E44656661756C744578706972696E674F417574683252656672657368546F6B656E2FDF47639DD0C9B70200014C000A65787069726174696F6E7400104C6A6176612F7574696C2F446174653B787200446F72672E737072696E676672616D65776F726B2E73656375726974792E6F61757468322E636F6D6D6F6E2E44656661756C744F417574683252656672657368546F6B656E73E10E0A6354D45E0200014C000576616C75657400124C6A6176612F6C616E672F537472696E673B787074040D65794A68624763694F694A53557A49314E694973496E523563434936496B705856434A392E65794A68645751694F6C736962586B7464584E6C636931795A584E304C57467761534A644C434A316332567958323568625755694F694A685A47317062694973496E4E6A6233426C496A7062496E4A6C595751694C434A33636D6C305A534A644C434A6864476B694F694A6C4E546B314E4755314D69316B4E475A684C5451775A6A4174595751344D7930314D6A6869596A4E6C5A57466D5A4759694C434A6C654841694F6A45324F5455314E6A67314E6A6773496D463164476876636D6C306157567A496A7062496C4A50544556665155524E5355346958537769616E5270496A6F694D44566D4E5463784E5459744D6D4577596930304E7A526D4C5467355A6D4D744E544931596D4E6D4D6A67314F44557A49697769593278705A57353058326C6B496A6F6962586B7464584E6C636931685A47317062694A392E5065774734556256524B42386346325645597274476742664277687A4E7A7A75666A50414657344166516D747856546B3379304D3450623161754B6B44687569626F74595874465F37356E4F79437559775355495A6C44322D4341634E6F7857414F5F3451306E324667326473504833724A31494B31716D4F56454537524E667059354331723058354B7A6F6B587572476966435372394C65762D4838795149747A516137625A445A724C6D68345734502D5558504C7231756A4E4A592D49494C4F4E30674532385A4A353671314B4554536F63414F426F535852582D506D7366717658547A5061566B6870374A634D3954416D786F5777664C7033526D783651754C7A63664739566E305F62736D62517033367931456D59566F566A706D6E53377956456A37785F6B6E67464E69614B746F6B555A4378516D7A5F2D674A5533316B7A52375A46586D64486E63496A306456725249725A4A5A30744D30795868587362314561376A5846546E74426B342D447A6B4E7677527A6E58716770656941466B5A6353382D676C30324A5A725F506131416765566B6333536B373742733951364C5338755267786F494C334A3436795A6549522D6B434A667A69557256596A4579326334696B714A52523833324646585A41772D5553307A536E473533506A774A6A39356A396E33697653334C5434705251417A6C7A6874387956715A6B6C45543347424F637959565965397A646551666645773766516448446E794455564363747142596F35776F68393854503346395875567A667079707A374F3632546337724137693541654F62323754734361695868332D686A377445757A744966727343544137534A4135543165427150424A474C317857576B4C476973797058754739573279572D744F6F6D783571306D5A705531474C6D4C4F2D316C424467394E4879454771777372000E6A6176612E7574696C2E44617465686A81014B597419030000787077080000018AC7C31FAB78, 0xACED0005737200416F72672E737072696E676672616D65776F726B2E73656375726974792E6F61757468322E70726F76696465722E4F417574683241757468656E7469636174696F6EBD400B02166252130200024C000D73746F7265645265717565737474003C4C6F72672F737072696E676672616D65776F726B2F73656375726974792F6F61757468322F70726F76696465722F4F4175746832526571756573743B4C00127573657241757468656E7469636174696F6E7400324C6F72672F737072696E676672616D65776F726B2F73656375726974792F636F72652F41757468656E7469636174696F6E3B787200476F72672E737072696E676672616D65776F726B2E73656375726974792E61757468656E7469636174696F6E2E416273747261637441757468656E7469636174696F6E546F6B656ED3AA287E6E47640E0200035A000D61757468656E746963617465644C000B617574686F7269746965737400164C6A6176612F7574696C2F436F6C6C656374696F6E3B4C000764657461696C737400124C6A6176612F6C616E672F4F626A6563743B787000737200266A6176612E7574696C2E436F6C6C656374696F6E7324556E6D6F6469666961626C654C697374FC0F2531B5EC8E100200014C00046C6973747400104C6A6176612F7574696C2F4C6973743B7872002C6A6176612E7574696C2E436F6C6C656374696F6E7324556E6D6F6469666961626C65436F6C6C656374696F6E19420080CB5EF71E0200014C00016371007E00047870737200136A6176612E7574696C2E41727261794C6973747881D21D99C7619D03000149000473697A65787000000001770400000001737200426F72672E737072696E676672616D65776F726B2E73656375726974792E636F72652E617574686F726974792E53696D706C654772616E746564417574686F7269747900000000000002120200014C0004726F6C657400124C6A6176612F6C616E672F537472696E673B787074000A524F4C455F41444D494E7871007E000C707372003A6F72672E737072696E676672616D65776F726B2E73656375726974792E6F61757468322E70726F76696465722E4F41757468325265717565737400000000000000010200075A0008617070726F7665644C000B617574686F72697469657371007E00044C000A657874656E73696F6E7374000F4C6A6176612F7574696C2F4D61703B4C000B726564697265637455726971007E000E4C00077265667265736874003B4C6F72672F737072696E676672616D65776F726B2F73656375726974792F6F61757468322F70726F76696465722F546F6B656E526571756573743B4C000B7265736F7572636549647374000F4C6A6176612F7574696C2F5365743B4C000D726573706F6E7365547970657371007E0014787200386F72672E737072696E676672616D65776F726B2E73656375726974792E6F61757468322E70726F76696465722E426173655265717565737436287A3EA37169BD0200034C0008636C69656E74496471007E000E4C001172657175657374506172616D657465727371007E00124C000573636F706571007E0014787074000D6D792D757365722D61646D696E737200256A6176612E7574696C2E436F6C6C656374696F6E7324556E6D6F6469666961626C654D6170F1A5A8FE74F507420200014C00016D71007E00127870737200116A6176612E7574696C2E486173684D61700507DAC1C31660D103000246000A6C6F6164466163746F724900097468726573686F6C6478703F400000000000067708000000080000000374000A6772616E745F7479706574000870617373776F7264740009636C69656E745F696474000D6D792D757365722D61646D696E740008757365726E616D6574000561646D696E78737200256A6176612E7574696C2E436F6C6C656374696F6E7324556E6D6F6469666961626C65536574801D92D18F9B80550200007871007E0009737200176A6176612E7574696C2E4C696E6B656448617368536574D86CD75A95DD2A1E020000787200116A6176612E7574696C2E48617368536574BA44859596B8B7340300007870770C000000103F4000000000000274000472656164740005777269746578017371007E0025770C000000103F400000000000017371007E000D74000B524F4C455F434C49454E54787371007E001A3F40000000000000770800000010000000007870707371007E0025770C000000103F400000000000017400106D792D757365722D726573742D617069787371007E0025770C000000103F40000000000000787372004F6F72672E737072696E676672616D65776F726B2E73656375726974792E61757468656E7469636174696F6E2E557365726E616D6550617373776F726441757468656E7469636174696F6E546F6B656E00000000000002120200024C000B63726564656E7469616C7371007E00054C00097072696E636970616C71007E00057871007E0003017371007E00077371007E000B0000000177040000000171007E000F7871007E0033737200176A6176612E7574696C2E4C696E6B6564486173684D617034C04E5C106CC0FB0200015A000B6163636573734F726465727871007E001A3F400000000000067708000000080000000474000D636C69656E745F7365637265747400587867434C31657956766249715278524C754A6D4A57525153734C73476B7243413769473973775879484E546947426E534968502B6978594E3758773265357565754A3741366D7849394A6C4B723073596D564A4D43773D3D71007E001C71007E001D71007E001E71007E001F71007E002071007E0021780070737200326F72672E737072696E676672616D65776F726B2E73656375726974792E636F72652E7573657264657461696C732E5573657200000000000002120200075A00116163636F756E744E6F6E457870697265645A00106163636F756E744E6F6E4C6F636B65645A001563726564656E7469616C734E6F6E457870697265645A0007656E61626C65644C000B617574686F72697469657371007E00144C000870617373776F726471007E000E4C0008757365726E616D6571007E000E7870010101017371007E0022737200116A6176612E7574696C2E54726565536574DD98509395ED875B0300007870737200466F72672E737072696E676672616D65776F726B2E73656375726974792E636F72652E7573657264657461696C732E5573657224417574686F72697479436F6D70617261746F720000000000000212020000787077040000000171007E000F787074000561646D696E),
	('250f0cd734b34f64bbdaaa94448104eb', 0xACED00057372004C6F72672E737072696E676672616D65776F726B2E73656375726974792E6F61757468322E636F6D6D6F6E2E44656661756C744578706972696E674F417574683252656672657368546F6B656E2FDF47639DD0C9B70200014C000A65787069726174696F6E7400104C6A6176612F7574696C2F446174653B787200446F72672E737072696E676672616D65776F726B2E73656375726974792E6F61757468322E636F6D6D6F6E2E44656661756C744F417574683252656672657368546F6B656E73E10E0A6354D45E0200014C000576616C75657400124C6A6176612F6C616E672F537472696E673B78707403FB65794A68624763694F694A53557A49314E694973496E523563434936496B705856434A392E65794A68645751694F6C736962586B7464584E6C636931795A584E304C57467761534A644C434A316332567958323568625755694F694A6A62476C6C626E51694C434A7A593239775A53493657794A795A57466B496C3073496D463061534936496D5A6B4D4449354F5749324C54686A4D6A45744E4442695A6931685A474A6A4C5468684E4445304F544A694D3251304E794973496D5634634349364D5459354E5455324F4455334F5377695958563061473979615852705A584D694F6C7369556B394D5256395655305653496C3073496D703061534936496A566B4D6A6B794E446B304C545269595759744E444E69595331685A6A49354C54466D596D566C4E6A426B597A557859694973496D4E7361575675644639705A434936496D31354C58567A5A58496966512E44564A612D2D50436F46594B702D79314A6B7653306A326D6869336E5F6B36485430534F7A6635304C454862523366477A4C4A443465435F31675536415335722D365944397367624758334C3255746C4F3031576B42516A444271377138735564354D375F5A4A4A4C676F553741576C4238754E6D72485136336C584D64536450487237314D5F454C7771666C56474271383264436F31334D664E756B3475304333456B68467A336973627841332D39687845495350417A3253306C586D69555F625A36626141493851775856624E4D574E44306F48676F744135596E483176504551337455566E6D705F536C6E5A4A494C5250624D426843713045353043767A734A397164515479777A35395969756745445F566C507A546B457632575654494D72304E6B4B67326F754333452D556F6F7236635A53796C6972743438584377714E675F7A3839386A5F767442746A75637678565A7159783553494634377038644F6C31564A422D6B306C43746474497965387772735A4A4348514277386E747A5578376E7756354C35516C58503656435F41757352306F462D424148357264514D6F7A744338396341717655705749396D644A6A5F375538337461516372524141666666776646357A5545465764626C6F525A7155684A37425F7942466F582D3273736F4F4F4449384D46693035525F46344E4262395A386E7979373331785179686E6D5749376A6B75667961596E6D376479367637523056527761704D6D35696B512D67712D4C5F62454E6C6278436B56777656333241325F59516933463432654F6E447144674C3153794E50436A3859496C5F4150326B2D5030343677554731456E5A4B4E43594D7846384C496D4F484838426C702D566B4230552D67756D7746447A736E70596F7664465F6B4456396D504537655A5832654D73703848726E494547775A77557372000E6A6176612E7574696C2E44617465686A81014B597419030000787077080000018AC7C34A4478, 0xACED0005737200416F72672E737072696E676672616D65776F726B2E73656375726974792E6F61757468322E70726F76696465722E4F417574683241757468656E7469636174696F6EBD400B02166252130200024C000D73746F7265645265717565737474003C4C6F72672F737072696E676672616D65776F726B2F73656375726974792F6F61757468322F70726F76696465722F4F4175746832526571756573743B4C00127573657241757468656E7469636174696F6E7400324C6F72672F737072696E676672616D65776F726B2F73656375726974792F636F72652F41757468656E7469636174696F6E3B787200476F72672E737072696E676672616D65776F726B2E73656375726974792E61757468656E7469636174696F6E2E416273747261637441757468656E7469636174696F6E546F6B656ED3AA287E6E47640E0200035A000D61757468656E746963617465644C000B617574686F7269746965737400164C6A6176612F7574696C2F436F6C6C656374696F6E3B4C000764657461696C737400124C6A6176612F6C616E672F4F626A6563743B787000737200266A6176612E7574696C2E436F6C6C656374696F6E7324556E6D6F6469666961626C654C697374FC0F2531B5EC8E100200014C00046C6973747400104C6A6176612F7574696C2F4C6973743B7872002C6A6176612E7574696C2E436F6C6C656374696F6E7324556E6D6F6469666961626C65436F6C6C656374696F6E19420080CB5EF71E0200014C00016371007E00047870737200136A6176612E7574696C2E41727261794C6973747881D21D99C7619D03000149000473697A65787000000001770400000001737200426F72672E737072696E676672616D65776F726B2E73656375726974792E636F72652E617574686F726974792E53696D706C654772616E746564417574686F7269747900000000000002120200014C0004726F6C657400124C6A6176612F6C616E672F537472696E673B7870740009524F4C455F555345527871007E000C707372003A6F72672E737072696E676672616D65776F726B2E73656375726974792E6F61757468322E70726F76696465722E4F41757468325265717565737400000000000000010200075A0008617070726F7665644C000B617574686F72697469657371007E00044C000A657874656E73696F6E7374000F4C6A6176612F7574696C2F4D61703B4C000B726564697265637455726971007E000E4C00077265667265736874003B4C6F72672F737072696E676672616D65776F726B2F73656375726974792F6F61757468322F70726F76696465722F546F6B656E526571756573743B4C000B7265736F7572636549647374000F4C6A6176612F7574696C2F5365743B4C000D726573706F6E7365547970657371007E0014787200386F72672E737072696E676672616D65776F726B2E73656375726974792E6F61757468322E70726F76696465722E426173655265717565737436287A3EA37169BD0200034C0008636C69656E74496471007E000E4C001172657175657374506172616D657465727371007E00124C000573636F706571007E001478707400076D792D75736572737200256A6176612E7574696C2E436F6C6C656374696F6E7324556E6D6F6469666961626C654D6170F1A5A8FE74F507420200014C00016D71007E00127870737200116A6176612E7574696C2E486173684D61700507DAC1C31660D103000246000A6C6F6164466163746F724900097468726573686F6C6478703F400000000000067708000000080000000374000A6772616E745F7479706574000870617373776F7264740009636C69656E745F69647400076D792D75736572740008757365726E616D65740006636C69656E7478737200256A6176612E7574696C2E436F6C6C656374696F6E7324556E6D6F6469666961626C65536574801D92D18F9B80550200007871007E0009737200176A6176612E7574696C2E4C696E6B656448617368536574D86CD75A95DD2A1E020000787200116A6176612E7574696C2E48617368536574BA44859596B8B7340300007870770C000000103F400000000000017400047265616478017371007E0025770C000000103F400000000000017371007E000D74000B524F4C455F434C49454E54787371007E001A3F40000000000000770800000010000000007870707371007E0025770C000000103F400000000000017400106D792D757365722D726573742D617069787371007E0025770C000000103F40000000000000787372004F6F72672E737072696E676672616D65776F726B2E73656375726974792E61757468656E7469636174696F6E2E557365726E616D6550617373776F726441757468656E7469636174696F6E546F6B656E00000000000002120200024C000B63726564656E7469616C7371007E00054C00097072696E636970616C71007E00057871007E0003017371007E00077371007E000B0000000177040000000171007E000F7871007E0032737200176A6176612E7574696C2E4C696E6B6564486173684D617034C04E5C106CC0FB0200015A000B6163636573734F726465727871007E001A3F400000000000067708000000080000000474000D636C69656E745F736563726574740058564565482B4B4F5561436C64614C58396D356C6E4754547A75776F7071764A632F486A64654D5156542F704D436F2B6164492F653565616E372B6235616374494B635678714C794E53553649594C446C6A74774442513D3D71007E001C71007E001D71007E001E71007E001F71007E002071007E0021780070737200326F72672E737072696E676672616D65776F726B2E73656375726974792E636F72652E7573657264657461696C732E5573657200000000000002120200075A00116163636F756E744E6F6E457870697265645A00106163636F756E744E6F6E4C6F636B65645A001563726564656E7469616C734E6F6E457870697265645A0007656E61626C65644C000B617574686F72697469657371007E00144C000870617373776F726471007E000E4C0008757365726E616D6571007E000E7870010101017371007E0022737200116A6176612E7574696C2E54726565536574DD98509395ED875B0300007870737200466F72672E737072696E676672616D65776F726B2E73656375726974792E636F72652E7573657264657461696C732E5573657224417574686F72697479436F6D70617261746F720000000000000212020000787077040000000171007E000F7870740006636C69656E74);
*/

/*  Inserion dans la table OAUTH_ACCESS_TOKEN 
INSERT INTO OAUTH_ACCESS_TOKEN (TOKEN_ID, TOKEN, AUTHENTICATION_ID, USER_NAME, CLIENT_ID, AUTHENTICATION, REFRESH_TOKEN) 
VALUES
	('cd92f313b3c8f04e65dc05af6d5c45f3', 0xACED0005737200436F72672E737072696E676672616D65776F726B2E73656375726974792E6F61757468322E636F6D6D6F6E2E44656661756C744F4175746832416363657373546F6B656E0CB29E361B24FACE0200064C00156164646974696F6E616C496E666F726D6174696F6E74000F4C6A6176612F7574696C2F4D61703B4C000A65787069726174696F6E7400104C6A6176612F7574696C2F446174653B4C000C72656672657368546F6B656E74003F4C6F72672F737072696E676672616D65776F726B2F73656375726974792F6F61757468322F636F6D6D6F6E2F4F417574683252656672657368546F6B656E3B4C000573636F706574000F4C6A6176612F7574696C2F5365743B4C0009746F6B656E547970657400124C6A6176612F6C616E672F537472696E673B4C000576616C756571007E00057870737200176A6176612E7574696C2E4C696E6B6564486173684D617034C04E5C106CC0FB0200015A000B6163636573734F72646572787200116A6176612E7574696C2E486173684D61700507DAC1C31660D103000246000A6C6F6164466163746F724900097468726573686F6C6478703F40000000000001770800000002000000017400036A746974002465353935346535322D643466612D343066302D616438332D35323862623365656166646678007372000E6A6176612E7574696C2E44617465686A81014B597419030000787077080000018AC7C31FB1787372004C6F72672E737072696E676672616D65776F726B2E73656375726974792E6F61757468322E636F6D6D6F6E2E44656661756C744578706972696E674F417574683252656672657368546F6B656E2FDF47639DD0C9B70200014C000A65787069726174696F6E71007E0002787200446F72672E737072696E676672616D65776F726B2E73656375726974792E6F61757468322E636F6D6D6F6E2E44656661756C744F417574683252656672657368546F6B656E73E10E0A6354D45E0200014C000576616C756571007E0005787074040D65794A68624763694F694A53557A49314E694973496E523563434936496B705856434A392E65794A68645751694F6C736962586B7464584E6C636931795A584E304C57467761534A644C434A316332567958323568625755694F694A685A47317062694973496E4E6A6233426C496A7062496E4A6C595751694C434A33636D6C305A534A644C434A6864476B694F694A6C4E546B314E4755314D69316B4E475A684C5451775A6A4174595751344D7930314D6A6869596A4E6C5A57466D5A4759694C434A6C654841694F6A45324F5455314E6A67314E6A6773496D463164476876636D6C306157567A496A7062496C4A50544556665155524E5355346958537769616E5270496A6F694D44566D4E5463784E5459744D6D4577596930304E7A526D4C5467355A6D4D744E544931596D4E6D4D6A67314F44557A49697769593278705A57353058326C6B496A6F6962586B7464584E6C636931685A47317062694A392E5065774734556256524B42386346325645597274476742664277687A4E7A7A75666A50414657344166516D747856546B3379304D3450623161754B6B44687569626F74595874465F37356E4F79437559775355495A6C44322D4341634E6F7857414F5F3451306E324667326473504833724A31494B31716D4F56454537524E667059354331723058354B7A6F6B587572476966435372394C65762D4838795149747A516137625A445A724C6D68345734502D5558504C7231756A4E4A592D49494C4F4E30674532385A4A353671314B4554536F63414F426F535852582D506D7366717658547A5061566B6870374A634D3954416D786F5777664C7033526D783651754C7A63664739566E305F62736D62517033367931456D59566F566A706D6E53377956456A37785F6B6E67464E69614B746F6B555A4378516D7A5F2D674A5533316B7A52375A46586D64486E63496A306456725249725A4A5A30744D30795868587362314561376A5846546E74426B342D447A6B4E7677527A6E58716770656941466B5A6353382D676C30324A5A725F506131416765566B6333536B373742733951364C5338755267786F494C334A3436795A6549522D6B434A667A69557256596A4579326334696B714A52523833324646585A41772D5553307A536E473533506A774A6A39356A396E33697653334C5434705251417A6C7A6874387956715A6B6C45543347424F637959565965397A646551666645773766516448446E794455564363747142596F35776F68393854503346395875567A667079707A374F3632546337724137693541654F62323754734361695868332D686A377445757A744966727343544137534A4135543165427150424A474C317857576B4C476973797058754739573279572D744F6F6D783571306D5A705531474C6D4C4F2D316C424467394E4879454771777371007E000C77080000018AC7C31FAB78737200256A6176612E7574696C2E436F6C6C656374696F6E7324556E6D6F6469666961626C65536574801D92D18F9B80550200007872002C6A6176612E7574696C2E436F6C6C656374696F6E7324556E6D6F6469666961626C65436F6C6C656374696F6E19420080CB5EF71E0200014C0001637400164C6A6176612F7574696C2F436F6C6C656374696F6E3B7870737200176A6176612E7574696C2E4C696E6B656448617368536574D86CD75A95DD2A1E020000787200116A6176612E7574696C2E48617368536574BA44859596B8B7340300007870770C000000103F40000000000002740004726561647400057772697465787400066265617265727403D165794A68624763694F694A53557A49314E694973496E523563434936496B705856434A392E65794A68645751694F6C736962586B7464584E6C636931795A584E304C57467761534A644C434A316332567958323568625755694F694A685A47317062694973496E4E6A6233426C496A7062496E4A6C595751694C434A33636D6C305A534A644C434A6C654841694F6A45324F5455314E6A67314E6A6773496D463164476876636D6C306157567A496A7062496C4A50544556665155524E5355346958537769616E5270496A6F695A5455354E54526C4E5449745A44526D595330304D4759774C57466B4F444D744E544934596D497A5A5756685A6D526D49697769593278705A57353058326C6B496A6F6962586B7464584E6C636931685A47317062694A392E63415A33596E4F397A625433336F4C5233565565467A4C6374734F77386756624A6F4D464D384E455A4543496956546445443150666169644D523878594D70364C354D584E5A2D6D574B564363465070655276584E573944556846696D58546A5643587955444A74597763476E346F4E4632726D745A78374D434C33416934456F4668544C4D574841777678684D664533383133377261545842474E416E6B52504F66597975524249685F562D50386B664F554252555277575A7332314E637A535274334C4D6175636535336C353079477A574D714C3353496E714441436E6C626E4E41773967415944496C4A5258744D3867716266393142617A5765756E375A744349367673444563716144556B315757654858385839507968773950307A6537382D793042344D73486532474E36634630746778637161524D5961793452646B314E4F417036384B57356654706D525F566E6F764C6F386B7655584D3156485F3350745742726A573871744972684341426E5F5379792D595737372D694B6D76666E33525456633077797247476D454E4538592D574D362D76636B783736366D3475657046644B41507254745F794F534878526C4C5A524D48777830444C366E5A4D5243456D686948326E6535314A77356851794A2D757434626E554143706D4E715053725F36496C714B534153554A664F5531765146487273765A655A455579656C4A30785057535430384377655767674173505A6A51415F6E6359416452757144363543487A7A776A646B342D37434F655859375655704268686A44455F57586F683742764D376C6E465071775334314A7339466A75344E546B42744B464162776C383452366256666C395477397A6B463758385A384D7A50744C716757476B66314D46372D445074716F7A617141436E666E2D436A747278634D7271705775376153666A4B63, '3b4a85311782ddcdf34d02db3b8e2b77', 'admin', 'my-user-admin', 0xACED0005737200416F72672E737072696E676672616D65776F726B2E73656375726974792E6F61757468322E70726F76696465722E4F417574683241757468656E7469636174696F6EBD400B02166252130200024C000D73746F7265645265717565737474003C4C6F72672F737072696E676672616D65776F726B2F73656375726974792F6F61757468322F70726F76696465722F4F4175746832526571756573743B4C00127573657241757468656E7469636174696F6E7400324C6F72672F737072696E676672616D65776F726B2F73656375726974792F636F72652F41757468656E7469636174696F6E3B787200476F72672E737072696E676672616D65776F726B2E73656375726974792E61757468656E7469636174696F6E2E416273747261637441757468656E7469636174696F6E546F6B656ED3AA287E6E47640E0200035A000D61757468656E746963617465644C000B617574686F7269746965737400164C6A6176612F7574696C2F436F6C6C656374696F6E3B4C000764657461696C737400124C6A6176612F6C616E672F4F626A6563743B787000737200266A6176612E7574696C2E436F6C6C656374696F6E7324556E6D6F6469666961626C654C697374FC0F2531B5EC8E100200014C00046C6973747400104C6A6176612F7574696C2F4C6973743B7872002C6A6176612E7574696C2E436F6C6C656374696F6E7324556E6D6F6469666961626C65436F6C6C656374696F6E19420080CB5EF71E0200014C00016371007E00047870737200136A6176612E7574696C2E41727261794C6973747881D21D99C7619D03000149000473697A65787000000001770400000001737200426F72672E737072696E676672616D65776F726B2E73656375726974792E636F72652E617574686F726974792E53696D706C654772616E746564417574686F7269747900000000000002120200014C0004726F6C657400124C6A6176612F6C616E672F537472696E673B787074000A524F4C455F41444D494E7871007E000C707372003A6F72672E737072696E676672616D65776F726B2E73656375726974792E6F61757468322E70726F76696465722E4F41757468325265717565737400000000000000010200075A0008617070726F7665644C000B617574686F72697469657371007E00044C000A657874656E73696F6E7374000F4C6A6176612F7574696C2F4D61703B4C000B726564697265637455726971007E000E4C00077265667265736874003B4C6F72672F737072696E676672616D65776F726B2F73656375726974792F6F61757468322F70726F76696465722F546F6B656E526571756573743B4C000B7265736F7572636549647374000F4C6A6176612F7574696C2F5365743B4C000D726573706F6E7365547970657371007E0014787200386F72672E737072696E676672616D65776F726B2E73656375726974792E6F61757468322E70726F76696465722E426173655265717565737436287A3EA37169BD0200034C0008636C69656E74496471007E000E4C001172657175657374506172616D657465727371007E00124C000573636F706571007E0014787074000D6D792D757365722D61646D696E737200256A6176612E7574696C2E436F6C6C656374696F6E7324556E6D6F6469666961626C654D6170F1A5A8FE74F507420200014C00016D71007E00127870737200116A6176612E7574696C2E486173684D61700507DAC1C31660D103000246000A6C6F6164466163746F724900097468726573686F6C6478703F400000000000067708000000080000000374000A6772616E745F7479706574000870617373776F7264740009636C69656E745F696474000D6D792D757365722D61646D696E740008757365726E616D6574000561646D696E78737200256A6176612E7574696C2E436F6C6C656374696F6E7324556E6D6F6469666961626C65536574801D92D18F9B80550200007871007E0009737200176A6176612E7574696C2E4C696E6B656448617368536574D86CD75A95DD2A1E020000787200116A6176612E7574696C2E48617368536574BA44859596B8B7340300007870770C000000103F4000000000000274000472656164740005777269746578017371007E0025770C000000103F400000000000017371007E000D74000B524F4C455F434C49454E54787371007E001A3F40000000000000770800000010000000007870707371007E0025770C000000103F400000000000017400106D792D757365722D726573742D617069787371007E0025770C000000103F40000000000000787372004F6F72672E737072696E676672616D65776F726B2E73656375726974792E61757468656E7469636174696F6E2E557365726E616D6550617373776F726441757468656E7469636174696F6E546F6B656E00000000000002120200024C000B63726564656E7469616C7371007E00054C00097072696E636970616C71007E00057871007E0003017371007E00077371007E000B0000000177040000000171007E000F7871007E0033737200176A6176612E7574696C2E4C696E6B6564486173684D617034C04E5C106CC0FB0200015A000B6163636573734F726465727871007E001A3F400000000000067708000000080000000474000D636C69656E745F7365637265747400587867434C31657956766249715278524C754A6D4A57525153734C73476B7243413769473973775879484E546947426E534968502B6978594E3758773265357565754A3741366D7849394A6C4B723073596D564A4D43773D3D71007E001C71007E001D71007E001E71007E001F71007E002071007E0021780070737200326F72672E737072696E676672616D65776F726B2E73656375726974792E636F72652E7573657264657461696C732E5573657200000000000002120200075A00116163636F756E744E6F6E457870697265645A00106163636F756E744E6F6E4C6F636B65645A001563726564656E7469616C734E6F6E457870697265645A0007656E61626C65644C000B617574686F72697469657371007E00144C000870617373776F726471007E000E4C0008757365726E616D6571007E000E7870010101017371007E0022737200116A6176612E7574696C2E54726565536574DD98509395ED875B0300007870737200466F72672E737072696E676672616D65776F726B2E73656375726974792E636F72652E7573657264657461696C732E5573657224417574686F72697479436F6D70617261746F720000000000000212020000787077040000000171007E000F787074000561646D696E, 'fa5ba8036095662cd680021d10e462a1'),
	('8e5aacf45a0c6a5f2d989d11597a73d8', 0xACED0005737200436F72672E737072696E676672616D65776F726B2E73656375726974792E6F61757468322E636F6D6D6F6E2E44656661756C744F4175746832416363657373546F6B656E0CB29E361B24FACE0200064C00156164646974696F6E616C496E666F726D6174696F6E74000F4C6A6176612F7574696C2F4D61703B4C000A65787069726174696F6E7400104C6A6176612F7574696C2F446174653B4C000C72656672657368546F6B656E74003F4C6F72672F737072696E676672616D65776F726B2F73656375726974792F6F61757468322F636F6D6D6F6E2F4F417574683252656672657368546F6B656E3B4C000573636F706574000F4C6A6176612F7574696C2F5365743B4C0009746F6B656E547970657400124C6A6176612F6C616E672F537472696E673B4C000576616C756571007E00057870737200176A6176612E7574696C2E4C696E6B6564486173684D617034C04E5C106CC0FB0200015A000B6163636573734F72646572787200116A6176612E7574696C2E486173684D61700507DAC1C31660D103000246000A6C6F6164466163746F724900097468726573686F6C6478703F4000000000000C770800000010000000017400036A746974002438663761663536322D306130302D343132342D396262352D34353435633065366334633378007372000E6A6176612E7574696C2E44617465686A81014B597419030000787077080000018AC7C19E13787372004C6F72672E737072696E676672616D65776F726B2E73656375726974792E6F61757468322E636F6D6D6F6E2E44656661756C744578706972696E674F417574683252656672657368546F6B656E2FDF47639DD0C9B70200014C000A65787069726174696F6E71007E0002787200446F72672E737072696E676672616D65776F726B2E73656375726974792E6F61757468322E636F6D6D6F6E2E44656661756C744F417574683252656672657368546F6B656E73E10E0A6354D45E0200014C000576616C756571007E0005787074041C65794A68624763694F694A53557A49314E694973496E523563434936496B705856434A392E65794A68645751694F6C736962586B7464584E6C636931795A584E304C57467761534A644C434A316332567958323568625755694F694A74595735685A3256794969776963324E76634755694F6C7369636D56685A434973496E64796158526C496C3073496D463061534936496A686D4E32466D4E5459794C5442684D4441744E4445794E433035596D49314C5451314E44566A4D475532597A526A4D794973496D5634634349364D5459354E5455324F4451324F5377695958563061473979615852705A584D694F6C7369556B394D525639565530565358303142546B46485256496958537769616E5270496A6F69595452684E474E6C5A5445745954677A595330305A44466B4C5467775A4459744D57466D597A6B794F5751794E6D466849697769593278705A57353058326C6B496A6F6962586B7464584E6C63693174595735685A325679496E302E4E5A63432D4F366876634837776D503531786343746C7077717474567872722D4C5F673847506D626F656A505577557567414532556959462D373648335F43396255543179744A322D316F786D4C44442D4E6335634D6758506B644157645834365951505957654D68696963454A48483079786F652D45384E70587038774B514C61564B4C70644B334A41546F4E664D5457794D4C436F576F373175525656716B77634577527372354175774F487459373451734F666C5961346B3047662D616452374B5269784D6341504D594654475A46564362452D4E553661514D5943677378344D6E44354A386130646363313965697052435A434E6B6D795579503162774144455F3436326938796E7A59723679693436616A682D497061316C7246675F707461654E4D585248524775395A6A373943575838787433695A4A4876734339536C67533970457831724A7A724D3250394166326C37457746664D585459595F4D5632776C4B6E6B4745573530775932704E74634964314674454B727843305A582D374E4F797931505679616D466D5A5732344D5163754466434976445F665645646D4A7A366375423370397472574278534A694C365747746537626D4B444A52564639325456442D6D4458694C3666344F5A70595F634F545141476D3035307470737136344E33396A4D394472496C5A756A75696B6952715068445A68553539524D2D6932796D43324F58614E54762D54736F41797637305933644A556B334C3375484C697A6A525838375151793774494B436846584C6C54684C504E78795A7251513163426445454C375A324A4C375168757275734C53766A5937514378424E4257646C627975674F30437671324A5931754A4C5F375F3366486C33516D576C492D78413438727552434B427873495F7A55454D476D635F5A4946503262466973344952556B45517371007E000C77080000018AC7C19E0F78737200256A6176612E7574696C2E436F6C6C656374696F6E7324556E6D6F6469666961626C65536574801D92D18F9B80550200007872002C6A6176612E7574696C2E436F6C6C656374696F6E7324556E6D6F6469666961626C65436F6C6C656374696F6E19420080CB5EF71E0200014C0001637400164C6A6176612F7574696C2F436F6C6C656374696F6E3B7870737200176A6176612E7574696C2E4C696E6B656448617368536574D86CD75A95DD2A1E020000787200116A6176612E7574696C2E48617368536574BA44859596B8B7340300007870770C000000043F40000000000002740004726561647400057772697465787400066265617265727403E065794A68624763694F694A53557A49314E694973496E523563434936496B705856434A392E65794A68645751694F6C736962586B7464584E6C636931795A584E304C57467761534A644C434A316332567958323568625755694F694A74595735685A3256794969776963324E76634755694F6C7369636D56685A434973496E64796158526C496C3073496D5634634349364D5459354E5455324F4451324F5377695958563061473979615852705A584D694F6C7369556B394D525639565530565358303142546B46485256496958537769616E5270496A6F694F475933595759314E6A49744D4745774D4330304D5449304C546C69596A55744E4455304E574D775A545A6A4E474D7A49697769593278705A57353058326C6B496A6F6962586B7464584E6C63693174595735685A325679496E302E41506D4D694C36615A4C63455463547535776274753452796F365550415F324D476C72632D5432684E726E32627A4E6E577068586B544144656F77357535344F6B6C6B36727A63764150556C41566E63464A7A6C42625174755342546C46596C564F7344686C62422D326363714C6F734B68546D6D4B4D465A725F2D5F486E466C46685443717746526866662D7A56374E66726B497576705273546B764F337A68354C62466F6C7877504279466376314A59427A347074304A5434462D326E5F747558306B4F6A705359706D4B716A4639386E6B69736F2D374275416150735944526F464F613742766B74314263674870414D595346354B536A6D744475655A4A304945644456344562727232515144736777525873304F72752D6741644647775F716B5F496854384B67416F697A69324D4565502D6142386D4C39334E75443168334B445A6D796C445530356A30716945477972364651377A574F594F7355716C70504D4653564D44776A636C314537675A7454714E582D2D4D4E466135455041547A6C3636372D6B41766E57394A4262464178674D5134734A6A664C37573552574B66674931526542616B5F48745170625957414C4D6F6D6A36526C44715555506F4D6F69444F6B6A453635355A6A5947484B737A75495F58507245633470393947674B6C583944526C516C344A4E70674173717369336B63383952672D31534D462D38335168577865474C725352706569514C316E486C58584330325073484F6E704F6A325F48667637305F6A5F334D55774B66624C59464172534543436E485735534C5F627442354E4659785F395F7737344A52744B5639424E56544759304F356C4E6765524464546E50714135474937587274534235575A7853654F76514B6D562D5F4F51356A4C4448657468306D337A79625249526E59416574556557596D31487364786F, '59b7e446f7eaf9cdc869d0945ee0b80e', 'manager', 'my-user-manager', 0xACED0005737200416F72672E737072696E676672616D65776F726B2E73656375726974792E6F61757468322E70726F76696465722E4F417574683241757468656E7469636174696F6EBD400B02166252130200024C000D73746F7265645265717565737474003C4C6F72672F737072696E676672616D65776F726B2F73656375726974792F6F61757468322F70726F76696465722F4F4175746832526571756573743B4C00127573657241757468656E7469636174696F6E7400324C6F72672F737072696E676672616D65776F726B2F73656375726974792F636F72652F41757468656E7469636174696F6E3B787200476F72672E737072696E676672616D65776F726B2E73656375726974792E61757468656E7469636174696F6E2E416273747261637441757468656E7469636174696F6E546F6B656ED3AA287E6E47640E0200035A000D61757468656E746963617465644C000B617574686F7269746965737400164C6A6176612F7574696C2F436F6C6C656374696F6E3B4C000764657461696C737400124C6A6176612F6C616E672F4F626A6563743B787000737200266A6176612E7574696C2E436F6C6C656374696F6E7324556E6D6F6469666961626C654C697374FC0F2531B5EC8E100200014C00046C6973747400104C6A6176612F7574696C2F4C6973743B7872002C6A6176612E7574696C2E436F6C6C656374696F6E7324556E6D6F6469666961626C65436F6C6C656374696F6E19420080CB5EF71E0200014C00016371007E00047870737200136A6176612E7574696C2E41727261794C6973747881D21D99C7619D03000149000473697A65787000000001770400000001737200426F72672E737072696E676672616D65776F726B2E73656375726974792E636F72652E617574686F726974792E53696D706C654772616E746564417574686F7269747900000000000002120200014C0004726F6C657400124C6A6176612F6C616E672F537472696E673B7870740011524F4C455F555345525F4D414E414745527871007E000C707372003A6F72672E737072696E676672616D65776F726B2E73656375726974792E6F61757468322E70726F76696465722E4F41757468325265717565737400000000000000010200075A0008617070726F7665644C000B617574686F72697469657371007E00044C000A657874656E73696F6E7374000F4C6A6176612F7574696C2F4D61703B4C000B726564697265637455726971007E000E4C00077265667265736874003B4C6F72672F737072696E676672616D65776F726B2F73656375726974792F6F61757468322F70726F76696465722F546F6B656E526571756573743B4C000B7265736F7572636549647374000F4C6A6176612F7574696C2F5365743B4C000D726573706F6E7365547970657371007E0014787200386F72672E737072696E676672616D65776F726B2E73656375726974792E6F61757468322E70726F76696465722E426173655265717565737436287A3EA37169BD0200034C0008636C69656E74496471007E000E4C001172657175657374506172616D657465727371007E00124C000573636F706571007E0014787074000F6D792D757365722D6D616E61676572737200256A6176612E7574696C2E436F6C6C656374696F6E7324556E6D6F6469666961626C654D6170F1A5A8FE74F507420200014C00016D71007E00127870737200116A6176612E7574696C2E486173684D61700507DAC1C31660D103000246000A6C6F6164466163746F724900097468726573686F6C6478703F400000000000067708000000080000000374000A6772616E745F7479706574000870617373776F7264740009636C69656E745F696474000F6D792D757365722D6D616E61676572740008757365726E616D657400076D616E6167657278737200256A6176612E7574696C2E436F6C6C656374696F6E7324556E6D6F6469666961626C65536574801D92D18F9B80550200007871007E0009737200176A6176612E7574696C2E4C696E6B656448617368536574D86CD75A95DD2A1E020000787200116A6176612E7574696C2E48617368536574BA44859596B8B7340300007870770C000000103F4000000000000274000472656164740005777269746578017371007E0025770C000000103F400000000000017371007E000D74000B524F4C455F434C49454E54787371007E001A3F40000000000000770800000010000000007870707371007E0025770C000000103F400000000000017400106D792D757365722D726573742D617069787371007E0025770C000000103F40000000000000787372004F6F72672E737072696E676672616D65776F726B2E73656375726974792E61757468656E7469636174696F6E2E557365726E616D6550617373776F726441757468656E7469636174696F6E546F6B656E00000000000002120200024C000B63726564656E7469616C7371007E00054C00097072696E636970616C71007E00057871007E0003017371007E00077371007E000B0000000177040000000171007E000F7871007E0033737200176A6176612E7574696C2E4C696E6B6564486173684D617034C04E5C106CC0FB0200015A000B6163636573734F726465727871007E001A3F400000000000067708000000080000000474000D636C69656E745F736563726574740058764E6F6E4174355030554C4F5A6C79553358315247554B58446F5A7A4E3171332B4C4C645A77566D77736B5A6D5643525257376A47344956337A78794968664B353970357169734136524572413757563471687862413D3D71007E001C71007E001D71007E001E71007E001F71007E002071007E0021780070737200326F72672E737072696E676672616D65776F726B2E73656375726974792E636F72652E7573657264657461696C732E5573657200000000000002120200075A00116163636F756E744E6F6E457870697265645A00106163636F756E744E6F6E4C6F636B65645A001563726564656E7469616C734E6F6E457870697265645A0007656E61626C65644C000B617574686F72697469657371007E00144C000870617373776F726471007E000E4C0008757365726E616D6571007E000E7870010101017371007E0022737200116A6176612E7574696C2E54726565536574DD98509395ED875B0300007870737200466F72672E737072696E676672616D65776F726B2E73656375726974792E636F72652E7573657264657461696C732E5573657224417574686F72697479436F6D70617261746F720000000000000212020000787077040000000171007E000F78707400076D616E61676572, '9bc6a8bc69c4687b880dc8924a6018c6'),
	('c8a917a525b63d95daec6e09d768d1e4', 0xACED0005737200436F72672E737072696E676672616D65776F726B2E73656375726974792E6F61757468322E636F6D6D6F6E2E44656661756C744F4175746832416363657373546F6B656E0CB29E361B24FACE0200064C00156164646974696F6E616C496E666F726D6174696F6E74000F4C6A6176612F7574696C2F4D61703B4C000A65787069726174696F6E7400104C6A6176612F7574696C2F446174653B4C000C72656672657368546F6B656E74003F4C6F72672F737072696E676672616D65776F726B2F73656375726974792F6F61757468322F636F6D6D6F6E2F4F417574683252656672657368546F6B656E3B4C000573636F706574000F4C6A6176612F7574696C2F5365743B4C0009746F6B656E547970657400124C6A6176612F6C616E672F537472696E673B4C000576616C756571007E00057870737200176A6176612E7574696C2E4C696E6B6564486173684D617034C04E5C106CC0FB0200015A000B6163636573734F72646572787200116A6176612E7574696C2E486173684D61700507DAC1C31660D103000246000A6C6F6164466163746F724900097468726573686F6C6478703F40000000000001770800000002000000017400036A746974002466643032393962362D386332312D343062662D616462632D38613431343932623364343778007372000E6A6176612E7574696C2E44617465686A81014B597419030000787077080000018AC7C34A47787372004C6F72672E737072696E676672616D65776F726B2E73656375726974792E6F61757468322E636F6D6D6F6E2E44656661756C744578706972696E674F417574683252656672657368546F6B656E2FDF47639DD0C9B70200014C000A65787069726174696F6E71007E0002787200446F72672E737072696E676672616D65776F726B2E73656375726974792E6F61757468322E636F6D6D6F6E2E44656661756C744F417574683252656672657368546F6B656E73E10E0A6354D45E0200014C000576616C756571007E000578707403FB65794A68624763694F694A53557A49314E694973496E523563434936496B705856434A392E65794A68645751694F6C736962586B7464584E6C636931795A584E304C57467761534A644C434A316332567958323568625755694F694A6A62476C6C626E51694C434A7A593239775A53493657794A795A57466B496C3073496D463061534936496D5A6B4D4449354F5749324C54686A4D6A45744E4442695A6931685A474A6A4C5468684E4445304F544A694D3251304E794973496D5634634349364D5459354E5455324F4455334F5377695958563061473979615852705A584D694F6C7369556B394D5256395655305653496C3073496D703061534936496A566B4D6A6B794E446B304C545269595759744E444E69595331685A6A49354C54466D596D566C4E6A426B597A557859694973496D4E7361575675644639705A434936496D31354C58567A5A58496966512E44564A612D2D50436F46594B702D79314A6B7653306A326D6869336E5F6B36485430534F7A6635304C454862523366477A4C4A443465435F31675536415335722D365944397367624758334C3255746C4F3031576B42516A444271377138735564354D375F5A4A4A4C676F553741576C4238754E6D72485136336C584D64536450487237314D5F454C7771666C56474271383264436F31334D664E756B3475304333456B68467A336973627841332D39687845495350417A3253306C586D69555F625A36626141493851775856624E4D574E44306F48676F744135596E483176504551337455566E6D705F536C6E5A4A494C5250624D426843713045353043767A734A397164515479777A35395969756745445F566C507A546B457632575654494D72304E6B4B67326F754333452D556F6F7236635A53796C6972743438584377714E675F7A3839386A5F767442746A75637678565A7159783553494634377038644F6C31564A422D6B306C43746474497965387772735A4A4348514277386E747A5578376E7756354C35516C58503656435F41757352306F462D424148357264514D6F7A744338396341717655705749396D644A6A5F375538337461516372524141666666776646357A5545465764626C6F525A7155684A37425F7942466F582D3273736F4F4F4449384D46693035525F46344E4262395A386E7979373331785179686E6D5749376A6B75667961596E6D376479367637523056527761704D6D35696B512D67712D4C5F62454E6C6278436B56777656333241325F59516933463432654F6E447144674C3153794E50436A3859496C5F4150326B2D5030343677554731456E5A4B4E43594D7846384C496D4F484838426C702D566B4230552D67756D7746447A736E70596F7664465F6B4456396D504537655A5832654D73703848726E494547775A77557371007E000C77080000018AC7C34A4478737200256A6176612E7574696C2E436F6C6C656374696F6E7324556E6D6F6469666961626C65536574801D92D18F9B80550200007872002C6A6176612E7574696C2E436F6C6C656374696F6E7324556E6D6F6469666961626C65436F6C6C656374696F6E19420080CB5EF71E0200014C0001637400164C6A6176612F7574696C2F436F6C6C656374696F6E3B7870737200176A6176612E7574696C2E4C696E6B656448617368536574D86CD75A95DD2A1E020000787200116A6176612E7574696C2E48617368536574BA44859596B8B7340300007870770C000000103F4000000000000174000472656164787400066265617265727403BF65794A68624763694F694A53557A49314E694973496E523563434936496B705856434A392E65794A68645751694F6C736962586B7464584E6C636931795A584E304C57467761534A644C434A316332567958323568625755694F694A6A62476C6C626E51694C434A7A593239775A53493657794A795A57466B496C3073496D5634634349364D5459354E5455324F4455334F5377695958563061473979615852705A584D694F6C7369556B394D5256395655305653496C3073496D703061534936496D5A6B4D4449354F5749324C54686A4D6A45744E4442695A6931685A474A6A4C5468684E4445304F544A694D3251304E794973496D4E7361575675644639705A434936496D31354C58567A5A58496966512E6F4146505A6A6F7048334A7645314F52355F38686E546D3032386170526C643964666D4562706656484830484A795F755261326D6174634E62694E327949326C555054554A41327761756856356E37556863397963774F4E6D79464A4E765A54777949386A7A78634C367845516E6B7559393236326A33515F55715756474C4263385941667336424845784765557146515543747144314A6F794C5965704C305358566D685575393764714C64423850446776517776316C69714155654B4D706D57456E41434B7469517444475669726E57674851325338317331426E5941794A6A4153323948356F3841492D346A46714C364330715964565356485752307356796D364A5638596F74356E586C7A495673366E30556B4C6C2D4163377661304A4650446E2D576B4269617A616157496838694D334E6669385857776C64525478355974726D5A627550365335464F5566564F79564C3730672D5F4E3565754175654A5F55755436447143646937494478417979344953734A3573507A3055506C59513469395667384778567344423162766651595969704D465273396D566D4F716C682D7732473678766F4A774F414A4C6D3444746C63504A3844594B61374B474A384362676A6B466D364E56364E356F655F69562D5A6D454A75335779494A367563794B634B6B645773765938784236584A4C556B7A2D56725374554651653668586F4E43697872444C724F3947415150596836735166314C59516F4135577478674D35763567564C46387439586734617A3565434F786269324E5155567A3154764E465335795870737654396B4870615A7777374A6741684A47484F6F63654630743250475439374563495A435F7431315154326842484B546330526176386A454F534B4B687558614B677152793548355154486E5A43353278735545746B584F6F5F5F4766756B, 'b270e0af7d186c0dc6b4d4b48b0d1a8c', 'client', 'my-user', 0xACED0005737200416F72672E737072696E676672616D65776F726B2E73656375726974792E6F61757468322E70726F76696465722E4F417574683241757468656E7469636174696F6EBD400B02166252130200024C000D73746F7265645265717565737474003C4C6F72672F737072696E676672616D65776F726B2F73656375726974792F6F61757468322F70726F76696465722F4F4175746832526571756573743B4C00127573657241757468656E7469636174696F6E7400324C6F72672F737072696E676672616D65776F726B2F73656375726974792F636F72652F41757468656E7469636174696F6E3B787200476F72672E737072696E676672616D65776F726B2E73656375726974792E61757468656E7469636174696F6E2E416273747261637441757468656E7469636174696F6E546F6B656ED3AA287E6E47640E0200035A000D61757468656E746963617465644C000B617574686F7269746965737400164C6A6176612F7574696C2F436F6C6C656374696F6E3B4C000764657461696C737400124C6A6176612F6C616E672F4F626A6563743B787000737200266A6176612E7574696C2E436F6C6C656374696F6E7324556E6D6F6469666961626C654C697374FC0F2531B5EC8E100200014C00046C6973747400104C6A6176612F7574696C2F4C6973743B7872002C6A6176612E7574696C2E436F6C6C656374696F6E7324556E6D6F6469666961626C65436F6C6C656374696F6E19420080CB5EF71E0200014C00016371007E00047870737200136A6176612E7574696C2E41727261794C6973747881D21D99C7619D03000149000473697A65787000000001770400000001737200426F72672E737072696E676672616D65776F726B2E73656375726974792E636F72652E617574686F726974792E53696D706C654772616E746564417574686F7269747900000000000002120200014C0004726F6C657400124C6A6176612F6C616E672F537472696E673B7870740009524F4C455F555345527871007E000C707372003A6F72672E737072696E676672616D65776F726B2E73656375726974792E6F61757468322E70726F76696465722E4F41757468325265717565737400000000000000010200075A0008617070726F7665644C000B617574686F72697469657371007E00044C000A657874656E73696F6E7374000F4C6A6176612F7574696C2F4D61703B4C000B726564697265637455726971007E000E4C00077265667265736874003B4C6F72672F737072696E676672616D65776F726B2F73656375726974792F6F61757468322F70726F76696465722F546F6B656E526571756573743B4C000B7265736F7572636549647374000F4C6A6176612F7574696C2F5365743B4C000D726573706F6E7365547970657371007E0014787200386F72672E737072696E676672616D65776F726B2E73656375726974792E6F61757468322E70726F76696465722E426173655265717565737436287A3EA37169BD0200034C0008636C69656E74496471007E000E4C001172657175657374506172616D657465727371007E00124C000573636F706571007E001478707400076D792D75736572737200256A6176612E7574696C2E436F6C6C656374696F6E7324556E6D6F6469666961626C654D6170F1A5A8FE74F507420200014C00016D71007E00127870737200116A6176612E7574696C2E486173684D61700507DAC1C31660D103000246000A6C6F6164466163746F724900097468726573686F6C6478703F400000000000067708000000080000000374000A6772616E745F7479706574000870617373776F7264740009636C69656E745F69647400076D792D75736572740008757365726E616D65740006636C69656E7478737200256A6176612E7574696C2E436F6C6C656374696F6E7324556E6D6F6469666961626C65536574801D92D18F9B80550200007871007E0009737200176A6176612E7574696C2E4C696E6B656448617368536574D86CD75A95DD2A1E020000787200116A6176612E7574696C2E48617368536574BA44859596B8B7340300007870770C000000103F400000000000017400047265616478017371007E0025770C000000103F400000000000017371007E000D74000B524F4C455F434C49454E54787371007E001A3F40000000000000770800000010000000007870707371007E0025770C000000103F400000000000017400106D792D757365722D726573742D617069787371007E0025770C000000103F40000000000000787372004F6F72672E737072696E676672616D65776F726B2E73656375726974792E61757468656E7469636174696F6E2E557365726E616D6550617373776F726441757468656E7469636174696F6E546F6B656E00000000000002120200024C000B63726564656E7469616C7371007E00054C00097072696E636970616C71007E00057871007E0003017371007E00077371007E000B0000000177040000000171007E000F7871007E0032737200176A6176612E7574696C2E4C696E6B6564486173684D617034C04E5C106CC0FB0200015A000B6163636573734F726465727871007E001A3F400000000000067708000000080000000474000D636C69656E745F736563726574740058564565482B4B4F5561436C64614C58396D356C6E4754547A75776F7071764A632F486A64654D5156542F704D436F2B6164492F653565616E372B6235616374494B635678714C794E53553649594C446C6A74774442513D3D71007E001C71007E001D71007E001E71007E001F71007E002071007E0021780070737200326F72672E737072696E676672616D65776F726B2E73656375726974792E636F72652E7573657264657461696C732E5573657200000000000002120200075A00116163636F756E744E6F6E457870697265645A00106163636F756E744E6F6E4C6F636B65645A001563726564656E7469616C734E6F6E457870697265645A0007656E61626C65644C000B617574686F72697469657371007E00144C000870617373776F726471007E000E4C0008757365726E616D6571007E000E7870010101017371007E0022737200116A6176612E7574696C2E54726565536574DD98509395ED875B0300007870737200466F72672E737072696E676672616D65776F726B2E73656375726974792E636F72652E7573657264657461696C732E5573657224417574686F72697479436F6D70617261746F720000000000000212020000787077040000000171007E000F7870740006636C69656E74, '250f0cd734b34f64bbdaaa94448104eb');
 */ 